{
    "averge_document_length": {
        "stars": 6.00287631831256,
        "genres": 2.532118887823586,
        "summaries": 304.9654841802493
    },
    "document_count": 1043
}